/*CREATING TABLES*/

CREATE TABLE BORROW
(LOANNO VARCHAR(5) PRIMARY KEY ,
CNAME VARCHAR(18),
BNAME VARCHAR(18),
AMOUNT INT
)
INSERT INTO BORROW(LOANNO
,CNAME
,BNAME
,AMOUNT
)VALUES(201,'ANIL','VRCE',1000),
(206,'MEHUL','AJNI',5000),
(311,'SUNIL','DHARAMPETH',3000),
(321,'MADHURI','ANDHERI',2000),
(375,'PRAMOD','VIRAR',8000),
(481,'KRANTI','NEHRU PLACE',3000)


CREATE TABLE BRANCH
(BNAME VARCHAR(18) PRIMARY KEY,
CITY VARCHAR(18)
)
INSERT INTO BRANCH
(BNAME,CITY)VALUES
('VRCE','NAGPUR'),
('AJNI','NAGPUR'),
('KAROLBAGH','DELHI'),
('DHARAMPETH','NAGPUR'),
('M.G.ROAD','BANGLORE'),
('ANDHERI','MUMBAI'),
('VIRAR','MUMBAI'),
('NEHRU PLACE','DELHI'),
('POWAI','MUMBAI')


CREATE TABLE CUSTOMER
(CNAME VARCHAR(18) PRIMARY KEY,
CITY VARCHAR(18)
)
INSERT INTO  CUSTOMER(CNAME,CITY)
VALUES('ANIL','KOLKATA'),
('SUNIL','DELHI'),
('MEHUL','BARODA'),
('MANDAR','PATNA'),
('MADHURI','NAGPUR'),
('PRAMOD','NAGPUR'),
('SANDIP','SURAT'),
('SHIVANI','MUMBAI'),
('KRANTI','MUMBAI'),
('NAREN','MUMBAI')


CREATE TABLE DEPOSIT
(ACTNO VARCHAR(5) PRIMARY KEY,
Cname varchar(18),
Bname varchar(18),
Amount int,
Adate DATE)
INSERT INTO DEPOSIT(ACTNO
,Cname
,Bname
,Amount
,Adate
)VALUES(100,'ANIL','VRCE',1000,'1-Mar-1995'),
(101 ,'SUNIL','AJNI',5000 ,'4-Jan-1996'),
(102,'MEHUL','KAROLBAGH',3500,'17-Nov-1995'),
(104,'MADHURI','CHANDNI',1200,'17-Dec-1995'),
(105,'PRAMOD','M.G.ROAD',3000,'27-Mar-1996'),
(106,'SANDIP','ANDHERI',2000,'31-Mar-1995'),
(107,'SHIVANI','VIRAR',1000,'5-Sep-1995'),
(108,'KRANTI','NEHRU PLACE',5000,'2-Jul-1995'),
(109,'NAREN','POWAI',7000,'10-Aug-1995')





